RMSE,MAE,R2_Score
25852.34618715367,14881.370842331822,0.8469845534223501
