{
    "RMSE": 25852.34618715367,
    "MAE": 14881.370842331822,
    "R2_Score": 0.8469845534223501
}